document_id,title,revision,status,document_class,path,active_state,owner,depends_on
ADR-0001,UI naming and package structure,r0,BASELINE,architecture_decision_record,docs/adr/ADR-0001__ui_naming_and_package_structure.md,active,UniversalDAQ,UDQ-UI-ARCH-001 | UDQ-UI-MOD-001
ADR-0002,Typed domain model first,r0,BASELINE,architecture_decision_record,docs/adr/ADR-0002__typed_domain_model_first.md,active,UniversalDAQ,UDQ-IMP-GUIDE-001 | UDQ-REQ-MAT-001
ADR-0003,Reserved packages and guardrails,r0,BASELINE,architecture_decision_record,docs/adr/ADR-0003__reserved_packages_and_guardrails.md,active,UniversalDAQ,UDQ-IMP-MAP-001 | UDQ-GOV-STD-003
ADR-0004,Local and CI gate policy,r0,BASELINE,architecture_decision_record,docs/adr/ADR-0004__local_and_ci_gate_policy.md,active,UniversalDAQ,UDQ-AUD-SPEC-001 | UDQ-GOV-SPEC-004
ADR-0005,Support-Pack Isolation and the First Real LabJack Slice,r0,BASELINE,architecture_decision_record,docs/adr/ADR-0005__support_pack_isolation_and_real_labjack_slice.md,active,UniversalDAQ,UDQ-DEV-SPEC-001 | UDQ-LIFECYCLE-SPEC-001
ADR-0006,Bounded Safe Expression Evaluation,r0,BASELINE,architecture_decision_record,docs/adr/ADR-0006__bounded_safe_expression_evaluation.md,active,UniversalDAQ,UDQ-LOG-SPEC-001 | UDQ-LIFECYCLE-SPEC-001
ADR-0007,Governance Compression and Delivery-First Rebalancing,r0,BASELINE,architecture_decision_record,docs/adr/ADR-0007__governance_compression_and_delivery_first.md,active,UniversalDAQ,UDQ-GOV-WI-001 | UDQ-IMP-PLAN-001
ADR-0008,Controller Handler Extraction,r0,BASELINE,architecture_decision_record,docs/adr/ADR-0008__controller_handler_extraction.md,active,UniversalDAQ,UDQ-LIFECYCLE-SPEC-001 | UDQ-UI-DEVFLOW-001
UDQ-ARCH-NAR-001,System Controls Narrative,r4,WIP,unspecified,docs/active/UDQ-ARCH-NAR-001__System_Controls_Narrative__r4__WIP.md,active,UniversalDAQ,UDQ-GOV-STD-001 | UDQ-UI-ARCH-001 | UDQ-UI-MOD-001 | UDQ-UI-NAR-001
UDQ-ARCH-NAR-002,Platform Controls Narrative,r4,WIP,unspecified,docs/active/UDQ-ARCH-NAR-002__Platform_Controls_Narrative__r4__WIP.md,active,UniversalDAQ,UDQ-ARCH-NAR-001 | UDQ-GOV-STD-001 | UDQ-UI-ARCH-001 | UDQ-UI-MOD-001 | UDQ-UI-NAR-001
UDQ-AUD-CHK-001,Local VSCode Review Checklist,r2,WIP,checklist,docs/active/UDQ-AUD-CHK-001__Local_VSCode_Review_Checklist__r2__WIP.md,active,UniversalDAQ,UDQ-AUD-SPEC-001 | UDQ-AUD-SPEC-002 | UDQ-GOV-LOG-001 | UDQ-QUAL-SPEC-002
UDQ-AUD-SPEC-001,Package Audit Specification,r8,WIP,audit_spec,docs/active/UDQ-AUD-SPEC-001__Package_Audit_Specification__r8__WIP.md,active,UniversalDAQ,UDQ-GOV-SPEC-003 | UDQ-GOV-SPEC-004 | UDQ-GOV-SPEC-005 | UDQ-GOV-SPEC-006 | UDQ-REQ-MAT-001 | UDQ-IMP-SPEC-002
UDQ-AUD-SPEC-001,Package Audit Specification,r3,WIP,audit_spec,docs/archive/UDQ-AUD-SPEC-001__Package_Audit_Specification__r3__WIP.md,archive,UniversalDAQ,UDQ-GOV-STD-001 | UDQ-GOV-SPEC-002 | UDQ-AUD-SPEC-002 | UDQ-REL-SPEC-001
UDQ-AUD-SPEC-001,Package Audit Specification,r4,WIP,audit_spec,docs/archive/UDQ-AUD-SPEC-001__Package_Audit_Specification__r4__WIP.md,archive,UniversalDAQ,UDQ-GOV-STD-001 | UDQ-GOV-STD-002 | UDQ-GOV-SPEC-002 | UDQ-GOV-LOG-001 | UDQ-GOV-REG-001 | UDQ-GOV-REG-002
UDQ-AUD-SPEC-001,Package Audit Specification,r5,WIP,audit_spec,docs/archive/UDQ-AUD-SPEC-001__Package_Audit_Specification__r5__WIP.md,archive,UniversalDAQ,UDQ-GOV-STD-001 | UDQ-GOV-STD-002 | UDQ-GOV-STD-003 | UDQ-GOV-REG-001 | UDQ-GOV-REG-002 | UDQ-REL-SPEC-001
UDQ-AUD-SPEC-001,Package Audit Specification,r6,WIP,audit_spec,docs/archive/UDQ-AUD-SPEC-001__Package_Audit_Specification__r6__WIP.md,archive,UniversalDAQ,UDQ-GOV-STD-003 | UDQ-GOV-SPEC-003 | UDQ-GOV-SPEC-006 | UDQ-REQ-MAT-001
UDQ-AUD-SPEC-001,Package Audit Specification,r7,WIP,audit_spec,docs/archive/UDQ-AUD-SPEC-001__Package_Audit_Specification__r7__WIP.md,archive,UniversalDAQ,UDQ-GOV-SPEC-003 | UDQ-GOV-SPEC-004 | UDQ-GOV-SPEC-005 | UDQ-GOV-SPEC-006 | UDQ-REQ-MAT-001
UDQ-AUD-SPEC-002,Placeholder and Anti-Pattern Scan Policy,r2,WIP,scan_policy,docs/active/UDQ-AUD-SPEC-002__Placeholder_and_Anti_Pattern_Scan_Policy__r2__WIP.md,active,UniversalDAQ,UDQ-GOV-STD-001 | UDQ-GOV-SPEC-002 | UDQ-AUD-SPEC-001 | UDQ-REL-SPEC-001
UDQ-AUD-TPL-001,Package Audit Report Template,r0,WIP,unspecified,docs/active/UDQ-AUD-TPL-001__Package_Audit_Report_Template__r0__WIP.md,active,UniversalDAQ,UDQ-AUD-SPEC-001 | UDQ-REL-SPEC-001 | UDQ-SCM-STD-001 | UDQ-GOV-SPEC-002
UDQ-AUD-TPL-002,Placeholder and Anti-Pattern Scan Report Template,r0,WIP,report-template,docs/active/UDQ-AUD-TPL-002__Placeholder_and_Anti_Pattern_Scan_Report_Template__r0__WIP.md,active,UniversalDAQ,UDQ-AUD-SPEC-002 | UDQ-GOV-SPEC-002
UDQ-DEV-SPEC-001,Device Adapter and Protocol Abstraction Specification,r0,WIP,unspecified,docs/active/UDQ-DEV-SPEC-001__Device_Adapter_and_Protocol_Abstraction_Specification__r0__WIP.md,active,UniversalDAQ,UDQ-DIAG-SPEC-001 | UDQ-GOV-STD-001 | UDQ-OUT-SPEC-001 | UDQ-PROT-SPEC-001 | UDQ-SIG-SPEC-001
UDQ-DIAG-SPEC-001,"Diagnostics, Watchdog, and Health Model Specification",r0,WIP,unspecified,docs/active/UDQ-DIAG-SPEC-001__Diagnostics_Watchdog_and_Health_Model_Specification__r0__WIP.md,active,UniversalDAQ,UDQ-GOV-STD-001 | UDQ-HIS-SPEC-001 | UDQ-PROT-SPEC-001 | UDQ-REM-SPEC-001 | UDQ-UI-MOD-001
UDQ-EVT-SPEC-001,"Alarms, Events, and Acknowledgment Specification",r1,WIP,subsystem_spec,docs/active/UDQ-EVT-SPEC-001__Alarms_Events_and_Acknowledgment_Specification__r1__WIP.md,active,UniversalDAQ,UDQ-GOV-STD-001 | UDQ-HIS-SPEC-001 | UDQ-OUT-SPEC-001 | UDQ-REM-SPEC-001 | UDQ-UI-MOD-001 | UDQ-GOV-GLO-001 | UDQ-GOV-STD-002
UDQ-EVT-SPEC-001,"Alarms, Events, and Acknowledgment Specification",r0,WIP,unspecified,docs/archive/UDQ-EVT-SPEC-001__Alarms_Events_and_Acknowledgment_Specification__r0__WIP.md,archive,UniversalDAQ,UDQ-GOV-STD-001 | UDQ-HIS-SPEC-001 | UDQ-OUT-SPEC-001 | UDQ-REM-SPEC-001 | UDQ-UI-MOD-001
UDQ-EXM-SPEC-001,Canonical Worked Examples,r3,WIP,example_spec,docs/active/UDQ-EXM-SPEC-001__Canonical_Worked_Examples__r3__WIP.md,active,UniversalDAQ,UDQ-GOV-GLO-001 | UDQ-GOV-SPEC-005 | UDQ-REQ-MAT-001
UDQ-EXM-SPEC-001,Canonical Worked Examples,r0,WIP,example_spec,docs/archive/UDQ-EXM-SPEC-001__Canonical_Worked_Examples__r0__WIP.md,archive,UniversalDAQ,UDQ-GOV-GLO-001 | UDQ-GOV-STD-002 | UDQ-OUT-SPEC-001 | UDQ-PROF-SPEC-001 | UDQ-UI-SPEC-004
UDQ-EXM-SPEC-001,Canonical Worked Examples,r1,WIP,example_spec,docs/archive/UDQ-EXM-SPEC-001__Canonical_Worked_Examples__r1__WIP.md,archive,UniversalDAQ,UDQ-GOV-GLO-001 | UDQ-GOV-STD-002 | UDQ-OUT-SPEC-001 | UDQ-PROF-SPEC-001 | UDQ-UI-SPEC-004 | UDQ-EVT-SPEC-001
UDQ-EXM-SPEC-001,Canonical Worked Examples,r2,WIP,example_spec,docs/archive/UDQ-EXM-SPEC-001__Canonical_Worked_Examples__r2__WIP.md,archive,UniversalDAQ,UDQ-GOV-GLO-001 | UDQ-GOV-SPEC-005 | UDQ-REQ-MAT-001
UDQ-EXP-SPEC-001,"Export, Review, and Evidence Bundle Specification",r0,WIP,unspecified,docs/active/UDQ-EXP-SPEC-001__Export_Review_and_Evidence_Bundle_Specification__r0__WIP.md,active,UniversalDAQ,UDQ-AUD-SPEC-001 | UDQ-GOV-STD-001 | UDQ-HIS-SPEC-001 | UDQ-REL-SPEC-001 | UDQ-SCM-STD-001
UDQ-GAP-RPT-001,Open Implementation Gaps,r11,WIP,gap_report,docs/active/UDQ-GAP-RPT-001__Open_Implementation_Gaps__r11__WIP.md,active,UniversalDAQ,UDQ-ARCH-NAR-001 | UDQ-ARCH-NAR-002 | UDQ-REQ-MAT-001
UDQ-GAP-RPT-001,Open Implementation Gaps,r3,WIP,gap_report,docs/archive/UDQ-GAP-RPT-001__Open_Implementation_Gaps__r3__WIP.md,archive,UniversalDAQ,UDQ-REQ-MAT-001 | UDQ-QUAL-DEF-001 | UDQ-QUAL-SPEC-002 | UDQ-AUD-SPEC-001 | UDQ-AUD-SPEC-002 | UDQ-SCM-STD-001
UDQ-GAP-RPT-001,Open Implementation Gaps,r4,WIP,gap_report,docs/archive/UDQ-GAP-RPT-001__Open_Implementation_Gaps__r4__WIP.md,archive,UniversalDAQ,UDQ-GOV-RPT-001 | UDQ-GOV-REG-001 | UDQ-GOV-REG-002 | UDQ-IMP-PLAN-001
UDQ-GAP-RPT-001,Open Implementation Gaps,r5,WIP,gap_report,docs/archive/UDQ-GAP-RPT-001__Open_Implementation_Gaps__r5__WIP.md,archive,UniversalDAQ,UDQ-IMP-PLAN-001 | UDQ-GOV-RPT-002 | UDQ-REQ-MAT-001
UDQ-GAP-RPT-001,Open Implementation Gaps,r6,WIP,gap_report,docs/archive/UDQ-GAP-RPT-001__Open_Implementation_Gaps__r6__WIP.md,archive,UniversalDAQ,UDQ-GOV-SPEC-003 | UDQ-REQ-MAT-001 | UDQ-GOV-RPT-002
UDQ-GAP-RPT-001,Open Implementation Gaps,r7,WIP,gap_report,docs/archive/UDQ-GAP-RPT-001__Open_Implementation_Gaps__r7__WIP.md,archive,UniversalDAQ,UDQ-GOV-SOP-001 | UDQ-REQ-MAT-001 | UDQ-GOV-RPT-002 | UDQ-IMP-PLAN-001
UDQ-GAP-RPT-001,Open Implementation Gaps,r8,WIP,gap_report,docs/archive/UDQ-GAP-RPT-001__Open_Implementation_Gaps__r8__WIP.md,archive,UniversalDAQ,UDQ-GOV-SOP-001 | UDQ-GOV-REG-003 | UDQ-REQ-MAT-001 | UDQ-IMP-PLAN-001
UDQ-GAP-TPL-001,Implementation Gap Assessment Template,r0,WIP,unspecified,docs/active/UDQ-GAP-TPL-001__Implementation_Gap_Assessment_Template__r0__WIP.md,active,UniversalDAQ,UDQ-GAP-RPT-001 | UDQ-QUAL-SPEC-002 | UDQ-GOV-SPEC-002
UDQ-GOV-GLO-001,Canonical Glossary and Ontology,r2,WIP,glossary,docs/active/UDQ-GOV-GLO-001__Canonical_Glossary_and_Ontology__r2__WIP.md,active,UniversalDAQ,UDQ-GOV-STD-002
UDQ-GOV-GLO-001,Canonical Glossary and Ontology,r0,WIP,glossary,docs/archive/UDQ-GOV-GLO-001__Canonical_Glossary_and_Ontology__r0__WIP.md,archive,UniversalDAQ,UDQ-GOV-STD-001 | UDQ-GOV-SPEC-002
UDQ-GOV-GLO-001,Canonical Glossary and Ontology,r1,WIP,glossary,docs/archive/UDQ-GOV-GLO-001__Canonical_Glossary_and_Ontology__r1__WIP.md,archive,UniversalDAQ,UDQ-GOV-STD-001 | UDQ-GOV-STD-002 | UDQ-GOV-SPEC-002
UDQ-GOV-LOG-001,Controlled Document Index,r22,WIP,controlled_index,docs/active/UDQ-GOV-LOG-001__Controlled_Document_Index__r22__WIP.md,active,UniversalDAQ,UDQ-GOV-STD-001 | UDQ-GOV-SPEC-002 | UDQ-GOV-STD-002 | UDQ-GOV-STD-003 | UDQ-GOV-SPEC-003 | UDQ-GOV-SPEC-006 | UDQ-IMP-PLAN-001
UDQ-GOV-LOG-001,Controlled Document Index,r14,WIP,controlled_index,docs/archive/UDQ-GOV-LOG-001__Controlled_Document_Index__r14__WIP.md,archive,UniversalDAQ,UDQ-GOV-STD-001 | UDQ-GOV-SPEC-002
UDQ-GOV-LOG-001,Controlled Document Index,r15,WIP,controlled_index,docs/archive/UDQ-GOV-LOG-001__Controlled_Document_Index__r15__WIP.md,archive,UniversalDAQ,UDQ-GOV-STD-001 | UDQ-GOV-SPEC-002 | UDQ-GOV-STD-002
UDQ-GOV-LOG-001,Controlled Document Index,r16,WIP,controlled_index,docs/archive/UDQ-GOV-LOG-001__Controlled_Document_Index__r16__WIP.md,archive,UniversalDAQ,UDQ-GOV-STD-001 | UDQ-GOV-SPEC-002 | UDQ-GOV-STD-002 | UDQ-GOV-STD-003
UDQ-GOV-LOG-001,Controlled Document Index,r17,WIP,controlled_index,docs/archive/UDQ-GOV-LOG-001__Controlled_Document_Index__r17__WIP.md,archive,UniversalDAQ,UDQ-GOV-STD-001 | UDQ-GOV-SPEC-002 | UDQ-GOV-STD-002 | UDQ-GOV-STD-003 | UDQ-GOV-SPEC-003 | UDQ-GOV-SPEC-006
UDQ-GOV-LOG-001,Controlled Document Index,r18,WIP,controlled_index,docs/archive/UDQ-GOV-LOG-001__Controlled_Document_Index__r18__WIP.md,archive,UniversalDAQ,UDQ-GOV-STD-001 | UDQ-GOV-SPEC-002 | UDQ-GOV-STD-002 | UDQ-GOV-STD-003 | UDQ-GOV-SPEC-003 | UDQ-GOV-SPEC-006 | UDQ-IMP-SPEC-002
UDQ-GOV-LOG-001,Controlled Document Index,r19,WIP,controlled_index,docs/archive/UDQ-GOV-LOG-001__Controlled_Document_Index__r19__WIP.md,archive,UniversalDAQ,UDQ-GOV-STD-001 | UDQ-GOV-SPEC-002 | UDQ-GOV-STD-002 | UDQ-GOV-STD-003 | UDQ-GOV-SPEC-003 | UDQ-GOV-SPEC-006 | UDQ-IMP-SPEC-002 | UDQ-GOV-SOP-001 | UDQ-IMP-PLAN-001
UDQ-GOV-MAP-001,Document Architecture and Dependency Map,r3,WIP,governance_map,docs/active/UDQ-GOV-MAP-001__Document_Architecture_and_Dependency_Map__r3__WIP.md,active,UniversalDAQ,UDQ-GOV-STD-001 | UDQ-GOV-STD-003 | UDQ-GOV-SPEC-003 | UDQ-GOV-SPEC-006
UDQ-GOV-MAP-001,Document Architecture and Dependency Map,r0,WIP,governance-map,docs/archive/UDQ-GOV-MAP-001__Document_Architecture_and_Dependency_Map__r0__WIP.md,archive,UniversalDAQ,UDQ-GOV-STD-001 | UDQ-GOV-SPEC-002 | UDQ-GOV-GLO-001
UDQ-GOV-MAP-001,Document Architecture and Dependency Map,r1,WIP,governance-map,docs/archive/UDQ-GOV-MAP-001__Document_Architecture_and_Dependency_Map__r1__WIP.md,archive,UniversalDAQ,UDQ-GOV-STD-001 | UDQ-GOV-STD-002 | UDQ-GOV-SPEC-002 | UDQ-GOV-GLO-001
UDQ-GOV-MAP-001,Document Architecture and Dependency Map,r2,WIP,governance_map,docs/archive/UDQ-GOV-MAP-001__Document_Architecture_and_Dependency_Map__r2__WIP.md,archive,UniversalDAQ,UDQ-GOV-STD-001 | UDQ-GOV-STD-002 | UDQ-GOV-STD-003 | UDQ-IMP-MAP-001
UDQ-GOV-POL-002,README Control and Classification Policy,r0,WIP,governance_policy,docs/active/UDQ-GOV-POL-002__README_Control_and_Classification_Policy__r0__WIP.md,active,UniversalDAQ,UDQ-GOV-STD-001 | UDQ-GOV-SPEC-002
UDQ-GOV-POL-003,Document Status Lifecycle Policy,r0,BASELINE,governance_policy,docs/active/UDQ-GOV-POL-003__Document_Status_Lifecycle_Policy__r0__BASELINE.md,active,UniversalDAQ,UDQ-GOV-STD-001 | UDQ-GOV-POL-002
UDQ-GOV-REG-001,Contradiction and Reconciliation Register,r2,WIP,governance_register,docs/active/UDQ-GOV-REG-001__Contradiction_and_Reconciliation_Register__r2__WIP.md,active,UniversalDAQ,UDQ-GOV-STD-002 | UDQ-GOV-GLO-001
UDQ-GOV-REG-001,Contradiction and Reconciliation Register,r0,WIP,governance_register,docs/archive/UDQ-GOV-REG-001__Contradiction_and_Reconciliation_Register__r0__WIP.md,archive,UniversalDAQ,UDQ-GOV-STD-002 | UDQ-GOV-GLO-001 | UDQ-GOV-RPT-001
UDQ-GOV-REG-002,Duplication and Consolidation Register,r1,WIP,governance_register,docs/active/UDQ-GOV-REG-002__Duplication_and_Consolidation_Register__r1__WIP.md,active,UniversalDAQ,UDQ-GOV-STD-002 | UDQ-GOV-STD-003 | UDQ-GOV-RPT-001 | UDQ-GOV-RPT-002
UDQ-GOV-REG-002,Duplication and Consolidation Register,r0,WIP,governance_register,docs/archive/UDQ-GOV-REG-002__Duplication_and_Consolidation_Register__r0__WIP.md,archive,UniversalDAQ,UDQ-GOV-STD-002 | UDQ-GOV-RPT-001
UDQ-GOV-REG-003,Documentation Update Debt Register,r3,WIP,governance_register,docs/active/UDQ-GOV-REG-003__Documentation_Update_Debt_Register__r3__WIP.md,active,UniversalDAQ,UDQ-GOV-STD-001 | UDQ-GOV-LOG-001 | UDQ-GOV-SOP-001
UDQ-GOV-REG-003,Documentation Update Debt Register,r0,WIP,governance_register,docs/archive/UDQ-GOV-REG-003__Documentation_Update_Debt_Register__r0__WIP.md,archive,UniversalDAQ,UDQ-GOV-SOP-001 | UDQ-GOV-REG-001 | UDQ-GOV-RPT-001 | UDQ-GAP-RPT-001
UDQ-GOV-REG-003,Documentation Update Debt Register,r1,WIP,governance_register,docs/archive/UDQ-GOV-REG-003__Documentation_Update_Debt_Register__r1__WIP.md,archive,UniversalDAQ,UDQ-GOV-SOP-001 | UDQ-GOV-REG-001 | UDQ-GOV-RPT-001 | UDQ-GAP-RPT-001 | UDQ-GOV-WI-001
UDQ-GOV-RPT-001,Cross Document Consistency Assessment,r5,WIP,consistency_report,docs/active/UDQ-GOV-RPT-001__Cross_Document_Consistency_Assessment__r5__WIP.md,active,UniversalDAQ,UDQ-GOV-REG-001 | UDQ-GOV-REG-002 | UDQ-GOV-SPEC-003 | UDQ-GOV-SPEC-006
UDQ-GOV-RPT-001,Cross-Document Consistency Assessment,r2,WIP,unspecified,docs/archive/UDQ-GOV-RPT-001__Cross_Document_Consistency_Assessment__r2__WIP.md,archive,UniversalDAQ,UDQ-GOV-STD-001 | UDQ-GOV-SPEC-002 | UDQ-GOV-MAP-001 | UDQ-GOV-GLO-001 | UDQ-GOV-LOG-001
UDQ-GOV-RPT-001,Cross-Document Consistency Assessment,r3,WIP,governance_report,docs/archive/UDQ-GOV-RPT-001__Cross_Document_Consistency_Assessment__r3__WIP.md,archive,UniversalDAQ,UDQ-GOV-STD-001 | UDQ-GOV-STD-002 | UDQ-GOV-SPEC-002 | UDQ-GOV-GLO-001 | UDQ-GOV-LOG-001 | UDQ-GOV-MAP-001 | UDQ-GOV-REG-001 | UDQ-GOV-REG-002
UDQ-GOV-RPT-001,Cross Document Consistency Assessment,r4,WIP,governance_report,docs/archive/UDQ-GOV-RPT-001__Cross_Document_Consistency_Assessment__r4__WIP.md,archive,UniversalDAQ,UDQ-GOV-GLO-001 | UDQ-GOV-STD-002 | UDQ-GOV-REG-001 | UDQ-GOV-REG-002 | UDQ-GOV-RPT-002
UDQ-GOV-RPT-002,Subsystem Reconciliation and Duplication Closure Assessment,r2,WIP,governance_report,docs/active/UDQ-GOV-RPT-002__Subsystem_Reconciliation_and_Duplication_Closure_Assessment__r2__WIP.md,active,UniversalDAQ,UDQ-GOV-REG-001 | UDQ-GOV-REG-002 | UDQ-REQ-MAT-001
UDQ-GOV-RPT-002,Subsystem Reconciliation and Duplication Closure Assessment,r0,WIP,governance_report,docs/archive/UDQ-GOV-RPT-002__Subsystem_Reconciliation_and_Duplication_Closure_Assessment__r0__WIP.md,archive,UniversalDAQ,UDQ-GOV-GLO-001 | UDQ-GOV-STD-002 | UDQ-GOV-REG-001 | UDQ-GOV-REG-002 | UDQ-REQ-MAT-001
UDQ-GOV-RPT-002,Subsystem Reconciliation and Duplication Closure Assessment,r1,WIP,governance_report,docs/archive/UDQ-GOV-RPT-002__Subsystem_Reconciliation_and_Duplication_Closure_Assessment__r1__WIP.md,archive,UniversalDAQ,UDQ-GOV-REG-001 | UDQ-GOV-REG-002 | UDQ-REQ-MAT-001 | UDQ-GOV-SPEC-003
UDQ-GOV-SOP-001,Controlled Document Update and Impact Process,r4,WIP,governance_sop,docs/active/UDQ-GOV-SOP-001__Controlled_Document_Update_and_Impact_Process__r4__WIP.md,active,UniversalDAQ,UDQ-GOV-STD-001 | UDQ-GOV-SPEC-002 | UDQ-GOV-SPEC-003 | UDQ-GOV-POL-002 | UDQ-GOV-REG-003 | UDQ-GOV-WI-001 | UDQ-GOV-TPL-002
UDQ-GOV-SOP-001,Controlled Document Update and Impact Process,r0,WIP,governance_process,docs/archive/UDQ-GOV-SOP-001__Controlled_Document_Update_and_Impact_Process__r0__WIP.md,archive,UniversalDAQ,UDQ-GOV-STD-001 | UDQ-GOV-STD-002 | UDQ-GOV-REG-001 | UDQ-GOV-REG-002
UDQ-GOV-SOP-001,Controlled Document Update and Impact Process,r1,WIP,governance_sop,docs/archive/UDQ-GOV-SOP-001__Controlled_Document_Update_and_Impact_Process__r1__WIP.md,archive,UniversalDAQ,UDQ-GOV-SPEC-003 | UDQ-GOV-SPEC-004 | UDQ-GOV-SPEC-006
UDQ-GOV-SOP-001,Controlled Document Update and Impact Process,r2,WIP,governance_sop,docs/archive/UDQ-GOV-SOP-001__Controlled_Document_Update_and_Impact_Process__r2__WIP.md,archive,UniversalDAQ,UDQ-GOV-SPEC-003 | UDQ-GOV-SPEC-004 | UDQ-GOV-SPEC-006 | UDQ-REQ-MAT-001 | UDQ-IMP-PLAN-001 | UDQ-GOV-POL-002
UDQ-GOV-SOP-001,Controlled Document Update and Impact Process,r3,WIP,governance_sop,docs/archive/UDQ-GOV-SOP-001__Controlled_Document_Update_and_Impact_Process__r3__WIP.md,archive,UniversalDAQ,UDQ-GOV-STD-001 | UDQ-GOV-SPEC-002 | UDQ-GOV-SPEC-003 | UDQ-GOV-POL-002 | UDQ-GOV-REG-003
UDQ-GOV-SOP-002,Controlled Document Completeness and Recovery Process,r0,WIP,governance_sop,docs/active/UDQ-GOV-SOP-002__Controlled_Document_Completeness_and_Recovery_Process__r0__WIP.md,active,UniversalDAQ,UDQ-GOV-STD-001 | UDQ-GOV-SOP-001 | UDQ-GOV-REG-003 | UDQ-GOV-WI-001
UDQ-GOV-SPEC-002,Machine Readable Document and Cross Reference Scheme,r4,WIP,governance_spec,docs/active/UDQ-GOV-SPEC-002__Machine_Readable_Document_and_Cross_Reference_Scheme__r4__WIP.md,active,UniversalDAQ,UDQ-GOV-STD-001 | UDQ-AUD-SPEC-001 | UDQ-AUD-SPEC-002
UDQ-GOV-SPEC-003,Global Governance Model and Control Tower Specification,r1,WIP,governance_spec,docs/active/UDQ-GOV-SPEC-003__Global_Governance_Model_and_Control_Tower_Specification__r1__WIP.md,active,UniversalDAQ,UDQ-GOV-STD-001 | UDQ-GOV-STD-002 | UDQ-GOV-STD-003 | UDQ-GOV-GLO-001 | UDQ-REQ-MAT-001
UDQ-GOV-SPEC-003,Global Governance Model and Control Tower Specification,r0,WIP,governance_spec,docs/archive/UDQ-GOV-SPEC-003__Global_Governance_Model_and_Control_Tower_Specification__r0__WIP.md,archive,UniversalDAQ,UDQ-GOV-STD-001 | UDQ-GOV-STD-002 | UDQ-GOV-STD-003 | UDQ-GOV-GLO-001 | UDQ-GOV-MAP-001 | UDQ-REQ-MAT-001
UDQ-GOV-SPEC-004,Implementation Declaration and Traceability Specification,r2,WIP,governance_spec,docs/active/UDQ-GOV-SPEC-004__Implementation_Declaration_and_Traceability_Specification__r2__WIP.md,active,UniversalDAQ,UDQ-GOV-SPEC-003 | UDQ-REQ-MAT-001 | UDQ-IMP-SPEC-002
UDQ-GOV-SPEC-004,Implementation Declaration and Traceability Specification,r0,WIP,governance_spec,docs/archive/UDQ-GOV-SPEC-004__Implementation_Declaration_and_Traceability_Specification__r0__WIP.md,archive,UniversalDAQ,UDQ-GOV-SPEC-003 | UDQ-REQ-MAT-001 | UDQ-QUAL-SPEC-002 | UDQ-IMP-PLAN-001
UDQ-GOV-SPEC-004,Implementation Declaration and Traceability Specification,r1,WIP,governance_spec,docs/archive/UDQ-GOV-SPEC-004__Implementation_Declaration_and_Traceability_Specification__r1__WIP.md,archive,UniversalDAQ,UDQ-GOV-SPEC-003 | UDQ-REQ-MAT-001 | UDQ-QUAL-SPEC-002
UDQ-GOV-SPEC-005,Runtime Conformance and Invariant Monitoring Specification,r2,WIP,governance_spec,docs/active/UDQ-GOV-SPEC-005__Runtime_Conformance_and_Invariant_Monitoring_Specification__r2__WIP.md,active,UniversalDAQ,UDQ-GOV-SPEC-004 | UDQ-REQ-MAT-001 | UDQ-EXM-SPEC-001 | UDQ-IMP-SPEC-002
UDQ-GOV-SPEC-005,Runtime Conformance and Invariant Monitoring Specification,r0,WIP,governance_spec,docs/archive/UDQ-GOV-SPEC-005__Runtime_Conformance_and_Invariant_Monitoring_Specification__r0__WIP.md,archive,UniversalDAQ,UDQ-GOV-GLO-001 | UDQ-GOV-SPEC-003 | UDQ-QUAL-SPEC-002 | UDQ-EXM-SPEC-001
UDQ-GOV-SPEC-005,Runtime Conformance and Invariant Monitoring Specification,r1,WIP,governance_spec,docs/archive/UDQ-GOV-SPEC-005__Runtime_Conformance_and_Invariant_Monitoring_Specification__r1__WIP.md,archive,UniversalDAQ,UDQ-GOV-GLO-001 | UDQ-OUT-SPEC-001 | UDQ-EVT-SPEC-001 | UDQ-PROF-SPEC-001 | UDQ-UI-SPEC-004
UDQ-GOV-SPEC-006,Executive Summary and Project Status Specification,r1,WIP,governance_spec,docs/active/UDQ-GOV-SPEC-006__Executive_Summary_and_Project_Status_Specification__r1__WIP.md,active,UniversalDAQ,UDQ-GOV-SPEC-003 | UDQ-GOV-SPEC-004 | UDQ-GOV-SPEC-005 | UDQ-REL-SPEC-001
UDQ-GOV-SPEC-006,Executive Summary and Project Status Specification,r0,WIP,governance_spec,docs/archive/UDQ-GOV-SPEC-006__Executive_Summary_and_Project_Status_Specification__r0__WIP.md,archive,UniversalDAQ,UDQ-GOV-SPEC-003 | UDQ-GOV-LOG-001 | UDQ-REQ-MAT-001
UDQ-GOV-STD-001,Document Control Scheme,r3,WIP,unspecified,docs/active/UDQ-GOV-STD-001__Document_Control_Scheme__r3__WIP.md,active,UniversalDAQ,
UDQ-GOV-STD-002,Semantic Precedence and Term Usage Standard,r0,WIP,governance_standard,docs/active/UDQ-GOV-STD-002__Semantic_Precedence_and_Term_Usage_Standard__r0__WIP.md,active,UniversalDAQ,UDQ-GOV-STD-001 | UDQ-GOV-GLO-001 | UDQ-GOV-MAP-001
UDQ-GOV-STD-003,Active Archive and Package Structure Standard,r2,WIP,governance_standard,docs/active/UDQ-GOV-STD-003__Active_Archive_and_Package_Structure_Standard__r2__WIP.md,active,UniversalDAQ,UDQ-IMP-MAP-001 | UDQ-IMP-SPEC-002 | UDQ-GOV-SPEC-006
UDQ-GOV-STD-003,Active Archive and Package Structure Standard,r0,WIP,governance_standard,docs/archive/UDQ-GOV-STD-003__Active_Archive_and_Package_Structure_Standard__r0__WIP.md,archive,UniversalDAQ,UDQ-GOV-STD-001 | UDQ-GOV-STD-002 | UDQ-REL-SPEC-001
UDQ-GOV-STD-003,Active Archive and Package Structure Standard,r1,WIP,governance_standard,docs/archive/UDQ-GOV-STD-003__Active_Archive_and_Package_Structure_Standard__r1__WIP.md,archive,UniversalDAQ,UDQ-IMP-MAP-001 | UDQ-GOV-SPEC-006
UDQ-GOV-TPL-001,Sprint Documentation Impact Checklist,r2,WIP,governance_template,docs/active/UDQ-GOV-TPL-001__Sprint_Documentation_Impact_Checklist__r2__WIP.md,active,UniversalDAQ,UDQ-GOV-SOP-001 | UDQ-GOV-REG-003 | UDQ-GOV-TPL-002 | UDQ-GOV-WI-001
UDQ-GOV-TPL-001,Sprint Documentation Impact Checklist,r0,WIP,governance_template,docs/archive/UDQ-GOV-TPL-001__Sprint_Documentation_Impact_Checklist__r0__WIP.md,archive,UniversalDAQ,UDQ-GOV-SOP-001 | UDQ-GOV-SPEC-004 | UDQ-REQ-MAT-001
UDQ-GOV-TPL-001,Sprint Documentation Impact Checklist,r1,WIP,governance_template,docs/archive/UDQ-GOV-TPL-001__Sprint_Documentation_Impact_Checklist__r1__WIP.md,archive,UniversalDAQ,UDQ-GOV-SOP-001 | UDQ-GOV-REG-003
UDQ-GOV-TPL-002,Documentation Review and Outcome Ledger Template,r0,WIP,governance_template,docs/active/UDQ-GOV-TPL-002__Documentation_Review_and_Outcome_Ledger_Template__r0__WIP.md,active,UniversalDAQ,UDQ-GOV-SOP-001 | UDQ-GOV-WI-001 | UDQ-GOV-REG-003
UDQ-GOV-WI-001,Step-by-Step Document Reconciliation and Logging Work Instruction,r0,WIP,governance_work_instruction,docs/active/UDQ-GOV-WI-001__Step_by_Step_Document_Reconciliation_and_Logging_Work_Instruction__r0__WIP.md,active,UniversalDAQ,UDQ-GOV-SOP-001 | UDQ-GOV-TPL-001 | UDQ-GOV-TPL-002 | UDQ-GOV-REG-003 | UDQ-GOV-POL-002
UDQ-HIS-SPEC-001,"Historian, Events, and Evidence Specification",r3,WIP,subsystem_spec,docs/active/UDQ-HIS-SPEC-001__Historian_Events_and_Evidence_Specification__r3__WIP.md,active,UniversalDAQ,UDQ-ARCH-NAR-001 | UDQ-ARCH-NAR-002 | UDQ-REQ-MAT-001 | UDQ-QUAL-DEF-001 | UDQ-UI-NAR-001 | UDQ-UI-ARCH-001 | UDQ-UI-MOD-001 | UDQ-SIG-SPEC-001 | UDQ-OUT-SPEC-001 | UDQ-SEQ-SPEC-001 | UDQ-GOV-GLO-001 | UDQ-GOV-STD-002
UDQ-HIS-SPEC-001,"Historian, Events, and Evidence Specification",r1,WIP,subsystem_spec,docs/archive/UDQ-HIS-SPEC-001__Historian_Events_and_Evidence_Specification__r1__WIP.md,archive,UniversalDAQ,UDQ-ARCH-NAR-001 | UDQ-ARCH-NAR-002 | UDQ-REQ-MAT-001 | UDQ-QUAL-DEF-001 | UDQ-UI-NAR-001 | UDQ-UI-ARCH-001 | UDQ-UI-MOD-001 | UDQ-SIG-SPEC-001 | UDQ-OUT-SPEC-001 | UDQ-SEQ-SPEC-001
UDQ-HIS-SPEC-001,"Historian, Events, and Evidence Specification",r2,WIP,subsystem_spec,docs/archive/UDQ-HIS-SPEC-001__Historian_Events_and_Evidence_Specification__r2__WIP.md,archive,UniversalDAQ,UDQ-ARCH-NAR-001 | UDQ-ARCH-NAR-002 | UDQ-REQ-MAT-001 | UDQ-QUAL-DEF-001 | UDQ-UI-NAR-001 | UDQ-UI-ARCH-001 | UDQ-UI-MOD-001 | UDQ-SIG-SPEC-001 | UDQ-OUT-SPEC-001 | UDQ-SEQ-SPEC-001 | UDQ-GOV-GLO-001 | UDQ-GOV-STD-002
UDQ-IMP-GUIDE-001,Python Typing and Modeling Policy,r0,WIP,implementation_guide,docs/active/UDQ-IMP-GUIDE-001__Python_Typing_and_Modeling_Policy__r0__WIP.md,active,UniversalDAQ,UDQ-IMP-PLAN-001 | UDQ-REQ-MAT-001
UDQ-IMP-MAP-001,Frozen Package Structure and Module Boundary Standard,r3,WIP,implementation_map,docs/active/UDQ-IMP-MAP-001__Frozen_Package_Structure_and_Module_Boundary_Standard__r3__WIP.md,active,UniversalDAQ,UDQ-GOV-STD-003 | UDQ-GOV-SPEC-003 | UDQ-GOV-SPEC-004 | UDQ-IMP-SPEC-002
UDQ-IMP-MAP-001,Proposed Code Architecture and Module Boundary Map,r0,WIP,implementation_map,docs/archive/UDQ-IMP-MAP-001__Proposed_Code_Architecture_and_Module_Boundary_Map__r0__WIP.md,archive,UniversalDAQ,UDQ-GOV-MAP-001 | UDQ-GOV-STD-002 | UDQ-ARCH-NAR-002
UDQ-IMP-MAP-001,Frozen Package Structure and Module Boundary Standard,r1,WIP,implementation_map,docs/archive/UDQ-IMP-MAP-001__Frozen_Package_Structure_and_Module_Boundary_Standard__r1__WIP.md,archive,UniversalDAQ,UDQ-GOV-STD-003 | UDQ-GOV-STD-002 | UDQ-ARCH-NAR-002
UDQ-IMP-MAP-001,Frozen Package Structure and Module Boundary Standard,r2,WIP,implementation_map,docs/archive/UDQ-IMP-MAP-001__Frozen_Package_Structure_and_Module_Boundary_Standard__r2__WIP.md,archive,UniversalDAQ,UDQ-GOV-STD-003 | UDQ-GOV-SPEC-003 | UDQ-GOV-SPEC-004
UDQ-IMP-PLAN-001,Implementation Transition and Handoff Plan,r7,WIP,implementation_plan,docs/active/UDQ-IMP-PLAN-001__Implementation_Transition_and_Handoff_Plan__r7__WIP.md,active,UniversalDAQ,UDQ-IMP-GUIDE-001 | UDQ-IMP-MAP-001 | UDQ-GAP-RPT-001 | UDQ-GOV-SOP-001 | UDQ-GOV-REG-003
UDQ-IMP-PLAN-001,Implementation Transition and Handoff Plan,r0,WIP,implementation_plan,docs/archive/UDQ-IMP-PLAN-001__Implementation_Transition_and_Handoff_Plan__r0__WIP.md,archive,UniversalDAQ,UDQ-GOV-STD-002 | UDQ-GOV-SOP-001 | UDQ-REQ-MAT-001 | UDQ-IMP-MAP-001
UDQ-IMP-PLAN-001,Implementation Transition and Handoff Plan,r1,WIP,implementation_plan,docs/archive/UDQ-IMP-PLAN-001__Implementation_Transition_and_Handoff_Plan__r1__WIP.md,archive,UniversalDAQ,UDQ-GOV-STD-003 | UDQ-IMP-MAP-001 | UDQ-REQ-MAT-001 | UDQ-GOV-RPT-002
UDQ-IMP-PLAN-001,Implementation Transition and Handoff Plan,r2,WIP,implementation_plan,docs/archive/UDQ-IMP-PLAN-001__Implementation_Transition_and_Handoff_Plan__r2__WIP.md,archive,UniversalDAQ,UDQ-GOV-SPEC-003 | UDQ-GOV-SPEC-004 | UDQ-GOV-SPEC-005 | UDQ-REQ-MAT-001
UDQ-IMP-PLAN-001,Implementation Transition and Handoff Plan,r3,WIP,implementation_plan,docs/archive/UDQ-IMP-PLAN-001__Implementation_Transition_and_Handoff_Plan__r3__WIP.md,archive,UniversalDAQ,UDQ-REQ-MAT-001 | UDQ-IMP-MAP-001 | UDQ-GOV-SPEC-004 | UDQ-GOV-SPEC-005
UDQ-IMP-PLAN-001,Implementation Transition and Handoff Plan,r4,WIP,implementation_plan,docs/archive/UDQ-IMP-PLAN-001__Implementation_Transition_and_Handoff_Plan__r4__WIP.md,archive,UniversalDAQ,UDQ-REQ-MAT-001 | UDQ-GOV-SPEC-004 | UDQ-GOV-SPEC-005 | UDQ-IMP-MAP-001 | UDQ-IMP-SPEC-002
UDQ-IMP-PLAN-001,Implementation Transition and Handoff Plan,r5,WIP,implementation_plan,docs/archive/UDQ-IMP-PLAN-001__Implementation_Transition_and_Handoff_Plan__r5__WIP.md,archive,UniversalDAQ,UDQ-REQ-MAT-001 | UDQ-GOV-SOP-001 | UDQ-GOV-TPL-001 | UDQ-GOV-SPEC-004 | UDQ-GOV-SPEC-005 | UDQ-IMP-MAP-001 | UDQ-IMP-SPEC-002 | UDQ-GOV-POL-002
UDQ-IMP-PLAN-001,Implementation Transition and Handoff Plan,r6,WIP,implementation_plan,docs/archive/UDQ-IMP-PLAN-001__Implementation_Transition_and_Handoff_Plan__r6__WIP.md,archive,UniversalDAQ,UDQ-IMP-GUIDE-001 | UDQ-IMP-MAP-001 | UDQ-GAP-RPT-001 | UDQ-GOV-SOP-001 | UDQ-GOV-REG-003
UDQ-IMP-SPEC-002,Pre-Code Scaffolding and Verification Structure Specification,r0,WIP,implementation_spec,docs/active/UDQ-IMP-SPEC-002__Pre_Code_Scaffolding_and_Verification_Structure_Specification__r0__WIP.md,active,UniversalDAQ,UDQ-IMP-MAP-001 | UDQ-GOV-SPEC-004 | UDQ-GOV-SPEC-005 | UDQ-REQ-MAT-001
UDQ-LIFECYCLE-SPEC-001,"Device, Point, Signal, Variable, Logic Lifecycle and Reconciliation Specification",r0,WIP,lifecycle_spec,docs/active/UDQ-LIFECYCLE-SPEC-001__Device_Point_Signal_Variable_Logic_Lifecycle_and_Reconciliation_Specification__r0__WIP.md,active,UniversalDAQ,UDQ-DEV-SPEC-001 | UDQ-OUT-SPEC-001 | UDQ-SIG-SPEC-001 | UDQ-PROF-SPEC-001 | UDQ-UI-DEVFLOW-001 | UDQ-GOV-STD-001
UDQ-LOG-SPEC-001,"Rules, Conditions, and Actions Specification",r2,WIP,subsystem_spec,docs/active/UDQ-LOG-SPEC-001__Rules_Conditions_and_Actions_Specification__r2__WIP.md,active,UniversalDAQ,UDQ-GOV-STD-001 | UDQ-GOV-LOG-001 | UDQ-ARCH-NAR-001 | UDQ-ARCH-NAR-002 | UDQ-REQ-MAT-001 | UDQ-QUAL-DEF-001 | UDQ-UI-NAR-001 | UDQ-UI-ARCH-001 | UDQ-UI-MOD-001 | UDQ-UI-INV-001 | UDQ-GOV-GLO-001 | UDQ-GOV-STD-002 | UDQ-OUT-SPEC-001
UDQ-LOG-SPEC-001,"Rules, Conditions, and Actions Specification",r1,WIP,subsystem_spec,docs/archive/UDQ-LOG-SPEC-001__Rules_Conditions_and_Actions_Specification__r1__WIP.md,archive,UniversalDAQ,UDQ-GOV-STD-001 | UDQ-GOV-LOG-001 | UDQ-ARCH-NAR-001 | UDQ-ARCH-NAR-002 | UDQ-REQ-MAT-001 | UDQ-QUAL-DEF-001 | UDQ-UI-NAR-001 | UDQ-UI-ARCH-001 | UDQ-UI-MOD-001 | UDQ-UI-INV-001
UDQ-OUT-SPEC-001,"Outputs, Command Arbitration, and Safe-State Specification",r2,WIP,subsystem_spec,docs/active/UDQ-OUT-SPEC-001__Outputs_Command_Arbitration_and_Safe_State_Specification__r2__WIP.md,active,UniversalDAQ,UDQ-GOV-GLO-001 | UDQ-GOV-STD-002 | UDQ-SEC-SPEC-001
UDQ-OUT-SPEC-001,"Outputs, Command Arbitration, and Safe-State Specification",r1,WIP,subsystem_spec,docs/archive/UDQ-OUT-SPEC-001__Outputs_Command_Arbitration_and_Safe_State_Specification__r1__WIP.md,archive,UniversalDAQ,
UDQ-PERF-SPEC-001,"Runtime Performance, Responsiveness, and Scalability Doctrine",r2,WIP,performance_spec,docs/active/UDQ-PERF-SPEC-001__Runtime_Performance_Responsiveness_and_Scalability_Doctrine__r2__WIP.md,active,UniversalDAQ,UDQ-DEV-SPEC-001 | UDQ-LIFECYCLE-SPEC-001 | UDQ-HIS-SPEC-001 | UDQ-OUT-SPEC-001 | UDQ-GOV-SPEC-005 | UDQ-UI-SPEC-004
UDQ-PROF-SPEC-001,"Profiles, Persistence, Autosave, and Restore Specification",r4,WIP,subsystem_spec,docs/active/UDQ-PROF-SPEC-001__Profiles_Persistence_Autosave_and_Restore_Specification__r4__WIP.md,active,UniversalDAQ,UDQ-GOV-STD-001 | UDQ-REL-SPEC-001 | UDQ-UI-ARCH-001 | UDQ-UI-MOD-001 | UDQ-UI-NAR-001 | UDQ-GOV-GLO-001 | UDQ-GOV-STD-002
UDQ-PROF-SPEC-001,"Profiles, Persistence, Autosave, and Restore Specification",r0,WIP,unspecified,docs/archive/UDQ-PROF-SPEC-001__Profiles_Persistence_Autosave_and_Restore_Specification__r0__WIP.md,archive,UniversalDAQ,UDQ-GOV-STD-001 | UDQ-REL-SPEC-001 | UDQ-UI-ARCH-001 | UDQ-UI-MOD-001 | UDQ-UI-NAR-001
UDQ-PROF-SPEC-001,"Profiles, Persistence, Autosave, and Restore Specification",r1,WIP,subsystem_spec,docs/archive/UDQ-PROF-SPEC-001__Profiles_Persistence_Autosave_and_Restore_Specification__r1__WIP.md,archive,UniversalDAQ,UDQ-GOV-STD-001 | UDQ-REL-SPEC-001 | UDQ-UI-ARCH-001 | UDQ-UI-MOD-001 | UDQ-UI-NAR-001 | UDQ-GOV-GLO-001 | UDQ-GOV-STD-002
UDQ-PROOF-TPL-001,Implementation Proof Bundle Template,r0,WIP,unspecified,docs/active/UDQ-PROOF-TPL-001__Implementation_Proof_Bundle_Template__r0__WIP.md,active,UniversalDAQ,UDQ-QUAL-SPEC-002 | UDQ-REQ-MAT-001 | UDQ-SCM-STD-001 | UDQ-GOV-SPEC-002
UDQ-PROT-SPEC-001,Modbus Integration Specification,r1,WIP,subsystem_spec,docs/active/UDQ-PROT-SPEC-001__Modbus_Integration_Specification__r1__WIP.md,active,UniversalDAQ,UDQ-ARCH-NAR-001 | UDQ-ARCH-NAR-002 | UDQ-UI-NAR-001 | UDQ-UI-ARCH-001 | UDQ-UI-MOD-001 | UDQ-SIG-SPEC-001 | UDQ-LOG-SPEC-001 | UDQ-OUT-SPEC-001
UDQ-QUAL-DEF-001,Definition of Complete by Subsystem,r2,WIP,unspecified,docs/active/UDQ-QUAL-DEF-001__Definition_of_Complete_by_Subsystem__r2__WIP.md,active,UniversalDAQ,UDQ-ARCH-NAR-001 | UDQ-ARCH-NAR-002 | UDQ-GOV-STD-001 | UDQ-REQ-MAT-001 | UDQ-UI-ARCH-001 | UDQ-UI-MOD-001 | UDQ-UI-NAR-001
UDQ-QUAL-SPEC-002,Implementation Proof Model,r2,WIP,quality_spec,docs/active/UDQ-QUAL-SPEC-002__Implementation_Proof_Model__r2__WIP.md,active,UniversalDAQ,UDQ-GOV-SPEC-004 | UDQ-GOV-SPEC-005 | UDQ-EXM-SPEC-001
UDQ-QUAL-SPEC-002,Implementation Proof Model,r0,WIP,unspecified,docs/archive/UDQ-QUAL-SPEC-002__Implementation_Proof_Model__r0__WIP.md,archive,UniversalDAQ,UDQ-REQ-MAT-001 | UDQ-QUAL-DEF-001 | UDQ-GOV-SPEC-002 | UDQ-HIS-SPEC-001
UDQ-QUAL-SPEC-002,Implementation Proof Model,r1,WIP,quality_spec,docs/archive/UDQ-QUAL-SPEC-002__Implementation_Proof_Model__r1__WIP.md,archive,UniversalDAQ,UDQ-GOV-SPEC-004 | UDQ-GOV-SPEC-005 | UDQ-EXM-SPEC-001
UDQ-REL-SPEC-001,Release Package Composition and Baseline Specification,r0,WIP,unspecified,docs/active/UDQ-REL-SPEC-001__Release_Package_Composition_and_Baseline_Specification__r0__WIP.md,active,UniversalDAQ,UDQ-SCM-STD-001 | UDQ-AUD-SPEC-001 | UDQ-GOV-LOG-001 | UDQ-GOV-SPEC-002
UDQ-REL-TPL-001,Release Manifest Template,r1,WIP,release_template,docs/active/UDQ-REL-TPL-001__Release_Manifest_Template__r1__WIP.md,active,UniversalDAQ,UDQ-REL-SPEC-001 | UDQ-SCM-STD-001 | UDQ-GOV-SPEC-002
UDQ-REL-TPL-002,Release Notes and Update Summary Template,r0,WIP,unspecified,docs/active/UDQ-REL-TPL-002__Release_Notes_and_Update_Summary_Template__r0__WIP.md,active,UniversalDAQ,UDQ-REL-SPEC-001 | UDQ-SCM-STD-001 | UDQ-QUAL-SPEC-002
UDQ-REM-SPEC-001,Remote Observation and Supervision Specification,r2,WIP,subsystem_spec,docs/active/UDQ-REM-SPEC-001__Remote_Observation_and_Supervision_Specification__r2__WIP.md,active,UniversalDAQ,UDQ-ARCH-NAR-001 | UDQ-ARCH-NAR-002 | UDQ-UI-NAR-001 | UDQ-UI-ARCH-001 | UDQ-UI-MOD-001 | UDQ-SIG-SPEC-001 | UDQ-OUT-SPEC-001 | UDQ-HIS-SPEC-001 | UDQ-LOG-SPEC-001 | UDQ-PROT-SPEC-001 | UDQ-SEQ-SPEC-001 | UDQ-GOV-GLO-001 | UDQ-GOV-STD-002 | UDQ-SEC-SPEC-001
UDQ-REM-SPEC-001,Remote Observation and Supervision Specification,r1,WIP,subsystem_spec,docs/archive/UDQ-REM-SPEC-001__Remote_Observation_and_Supervision_Specification__r1__WIP.md,archive,UniversalDAQ,UDQ-ARCH-NAR-001 | UDQ-ARCH-NAR-002 | UDQ-UI-NAR-001 | UDQ-UI-ARCH-001 | UDQ-UI-MOD-001 | UDQ-SIG-SPEC-001 | UDQ-OUT-SPEC-001 | UDQ-HIS-SPEC-001 | UDQ-LOG-SPEC-001 | UDQ-PROT-SPEC-001 | UDQ-SEQ-SPEC-001
UDQ-REQ-ADD-001,Variables and Multi-Instance Device Requirements Addendum,r0,WIP,requirement_addendum,docs/active/UDQ-REQ-ADD-001__Variables_and_Multi_Instance_Device_Requirements_Addendum__r0__WIP.md,active,UniversalDAQ,UDQ-LIFECYCLE-SPEC-001 | UDQ-REQ-MAT-001 | UDQ-DEV-SPEC-001
UDQ-REQ-MAT-001,Requirements Traceability Matrix,r10,WIP,requirement_matrix,docs/active/UDQ-REQ-MAT-001__Requirements_Traceability_Matrix__r10__WIP.md,active,UniversalDAQ,UDQ-ARCH-NAR-001 | UDQ-ARCH-NAR-002 | UDQ-GOV-SPEC-004
UDQ-REQ-MAT-001,Requirements Traceability Matrix,r4,WIP,requirement-matrix,docs/archive/UDQ-REQ-MAT-001__Requirements_Traceability_Matrix__r4__WIP.md,archive,UniversalDAQ,UDQ-ARCH-NAR-001 | UDQ-ARCH-NAR-002 | UDQ-QUAL-DEF-001 | UDQ-UI-NAR-001 | UDQ-UI-ARCH-001 | UDQ-UI-MOD-001 | UDQ-LOG-SPEC-001 | UDQ-SIG-SPEC-001 | UDQ-OUT-SPEC-001 | UDQ-PROT-SPEC-001 | UDQ-SEQ-SPEC-001 | UDQ-HIS-SPEC-001 | UDQ-REM-SPEC-001 | UDQ-EVT-SPEC-001 | UDQ-DIAG-SPEC-001 | UDQ-PROF-SPEC-001 | UDQ-DEV-SPEC-001 | UDQ-EXP-SPEC-001 | UDQ-SEC-SPEC-001 | UDQ-UI-SPEC-000 | UDQ-UI-SPEC-001 | UDQ-UI-SPEC-002 | UDQ-UI-SPEC-003 | UDQ-UI-SPEC-004 | UDQ-UI-SPEC-005 | UDQ-QUAL-SPEC-002 | UDQ-AUD-SPEC-001 | UDQ-AUD-SPEC-002 | UDQ-SCM-STD-001 | UDQ-REL-SPEC-001
UDQ-REQ-MAT-001,Requirements Traceability Matrix,r5,WIP,requirement-matrix,docs/archive/UDQ-REQ-MAT-001__Requirements_Traceability_Matrix__r5__WIP.md,archive,UniversalDAQ,UDQ-ARCH-NAR-001 | UDQ-ARCH-NAR-002 | UDQ-QUAL-DEF-001 | UDQ-UI-NAR-001 | UDQ-UI-ARCH-001 | UDQ-UI-MOD-001 | UDQ-LOG-SPEC-001 | UDQ-SIG-SPEC-001 | UDQ-OUT-SPEC-001 | UDQ-PROT-SPEC-001 | UDQ-SEQ-SPEC-001 | UDQ-HIS-SPEC-001 | UDQ-REM-SPEC-001 | UDQ-EVT-SPEC-001 | UDQ-DIAG-SPEC-001 | UDQ-PROF-SPEC-001 | UDQ-DEV-SPEC-001 | UDQ-EXP-SPEC-001 | UDQ-SEC-SPEC-001 | UDQ-UI-SPEC-000 | UDQ-UI-SPEC-001 | UDQ-UI-SPEC-002 | UDQ-UI-SPEC-003 | UDQ-UI-SPEC-004 | UDQ-UI-SPEC-005 | UDQ-QUAL-SPEC-002 | UDQ-AUD-SPEC-001 | UDQ-AUD-SPEC-002 | UDQ-SCM-STD-001 | UDQ-REL-SPEC-001 | UDQ-GOV-STD-002 | UDQ-GOV-REG-001 | UDQ-GOV-REG-002 | UDQ-GOV-SOP-001 | UDQ-IMP-PLAN-001 | UDQ-IMP-MAP-001
UDQ-REQ-MAT-001,Requirements Traceability Matrix,r6,WIP,requirement_matrix,docs/archive/UDQ-REQ-MAT-001__Requirements_Traceability_Matrix__r6__WIP.md,archive,UniversalDAQ,UDQ-GOV-GLO-001 | UDQ-GOV-STD-002 | UDQ-GOV-STD-003 | UDQ-GOV-RPT-002 | UDQ-IMP-PLAN-001
UDQ-REQ-MAT-001,Requirements Traceability Matrix,r7,WIP,requirement_matrix,docs/archive/UDQ-REQ-MAT-001__Requirements_Traceability_Matrix__r7__WIP.md,archive,UniversalDAQ,UDQ-GOV-SPEC-003 | UDQ-GOV-SPEC-004 | UDQ-GOV-SPEC-005 | UDQ-GOV-SPEC-006
UDQ-SCHEMA-POLICY-001,Governance Schema Conventions,r0,WIP,schema_policy,docs/active/UDQ-SCHEMA-POLICY-001__Governance_Schema_Conventions__r0__WIP.md,active,UniversalDAQ,UDQ-GOV-SPEC-002 | UDQ-GOV-POL-002
UDQ-SCM-STD-001,Code and Package Version Control Scheme,r0,WIP,unspecified,docs/active/UDQ-SCM-STD-001__Code_and_Package_Version_Control_Scheme__r0__WIP.md,active,UniversalDAQ,UDQ-GOV-STD-001 | UDQ-GOV-SPEC-002 | UDQ-QUAL-SPEC-002 | UDQ-AUD-SPEC-001
UDQ-SEC-BASELINE-001,Security and Trust Boundary Baseline,r0,WIP,security_baseline,docs/active/UDQ-SEC-BASELINE-001__Security_and_Trust_Boundary_Baseline__r0__WIP.md,active,UniversalDAQ,UDQ-SEC-SPEC-001 | UDQ-GOV-STD-001
UDQ-SEC-SPEC-001,"Roles, Permissions, and Command Authorization Specification",r1,WIP,subsystem_spec,docs/active/UDQ-SEC-SPEC-001__Roles_Permissions_and_Command_Authorization_Specification__r1__WIP.md,active,UniversalDAQ,UDQ-GOV-STD-001 | UDQ-HIS-SPEC-001 | UDQ-OUT-SPEC-001 | UDQ-REM-SPEC-001 | UDQ-UI-MOD-001 | UDQ-GOV-GLO-001 | UDQ-GOV-STD-002
UDQ-SEC-SPEC-001,"Roles, Permissions, and Command Authorization Specification",r0,WIP,unspecified,docs/archive/UDQ-SEC-SPEC-001__Roles_Permissions_and_Command_Authorization_Specification__r0__WIP.md,archive,UniversalDAQ,UDQ-GOV-STD-001 | UDQ-HIS-SPEC-001 | UDQ-OUT-SPEC-001 | UDQ-REM-SPEC-001 | UDQ-UI-MOD-001
UDQ-SEQ-SPEC-001,Sequences and Workflows Specification,r2,WIP,subsystem_spec,docs/active/UDQ-SEQ-SPEC-001__Sequences_and_Workflows_Specification__r2__WIP.md,active,UniversalDAQ,UDQ-ARCH-NAR-001 | UDQ-ARCH-NAR-002 | UDQ-UI-NAR-001 | UDQ-UI-ARCH-001 | UDQ-UI-MOD-001 | UDQ-LOG-SPEC-001 | UDQ-SIG-SPEC-001 | UDQ-OUT-SPEC-001 | UDQ-PROT-SPEC-001 | UDQ-GOV-GLO-001 | UDQ-GOV-STD-002
UDQ-SEQ-SPEC-001,Sequences and Workflows Specification,r1,WIP,subsystem_spec,docs/archive/UDQ-SEQ-SPEC-001__Sequences_and_Workflows_Specification__r1__WIP.md,archive,UniversalDAQ,UDQ-ARCH-NAR-001 | UDQ-ARCH-NAR-002 | UDQ-UI-NAR-001 | UDQ-UI-ARCH-001 | UDQ-UI-MOD-001 | UDQ-LOG-SPEC-001 | UDQ-SIG-SPEC-001 | UDQ-OUT-SPEC-001 | UDQ-PROT-SPEC-001
UDQ-SIG-SPEC-001,Signals and Derived Signals Specification,r3,WIP,subsystem_spec,docs/active/UDQ-SIG-SPEC-001__Signals_and_Derived_Signals_Specification__r3__WIP.md,active,UniversalDAQ,UDQ-ARCH-NAR-001 | UDQ-ARCH-NAR-002 | UDQ-REQ-MAT-001 | UDQ-QUAL-DEF-001 | UDQ-UI-NAR-001 | UDQ-UI-ARCH-001 | UDQ-UI-MOD-001 | UDQ-LOG-SPEC-001 | UDQ-GOV-GLO-001 | UDQ-GOV-STD-002
UDQ-SIG-SPEC-001,Signals and Derived Signals Specification,r1,WIP,subsystem_spec,docs/archive/UDQ-SIG-SPEC-001__Signals_and_Derived_Signals_Specification__r1__WIP.md,archive,UniversalDAQ,UDQ-ARCH-NAR-001 | UDQ-ARCH-NAR-002 | UDQ-REQ-MAT-001 | UDQ-QUAL-DEF-001 | UDQ-UI-NAR-001 | UDQ-UI-ARCH-001 | UDQ-UI-MOD-001 | UDQ-LOG-SPEC-001
UDQ-UI-ARCH-001,UI Functional Architecture,r3,WIP,ui_architecture,docs/active/UDQ-UI-ARCH-001__UI_Functional_Architecture__r3__WIP.md,active,UniversalDAQ,UDQ-ARCH-NAR-001 | UDQ-ARCH-NAR-002 | UDQ-UI-NAR-001 | UDQ-UI-MOD-001 | UDQ-UI-SPEC-000 | UDQ-UI-SPEC-001 | UDQ-UI-SPEC-006
UDQ-UI-DEVFLOW-001,Device Discovery Onboarding and Known Device UX,r1,WIP,ui-detail-spec,docs/active/UDQ-UI-DEVFLOW-001__Device_Discovery_Onboarding_and_Known_Device_UX__r1__WIP.md,active,UniversalDAQ,UDQ-DEV-SPEC-001 | UDQ-UI-ARCH-001 | UDQ-UI-SPEC-001 | UDQ-UI-SPEC-006
UDQ-UI-INV-001,Genesys Feature Inventory and Preservation Map,r3,WIP,ui_inventory,docs/active/UDQ-UI-INV-001__Genesys_Feature_Inventory_and_Preservation_Map__r3__WIP.md,active,UniversalDAQ,UDQ-UI-NAR-001 | UDQ-UI-ARCH-001 | UDQ-UI-SPEC-004 | UDQ-UI-SPEC-006
UDQ-UI-MOD-001,UI State and Interaction Model,r4,WIP,ui_interaction_model,docs/active/UDQ-UI-MOD-001__UI_State_and_Interaction_Model__r4__WIP.md,active,UniversalDAQ,UDQ-UI-NAR-001 | UDQ-UI-ARCH-001 | UDQ-UI-SPEC-004 | UDQ-UI-SPEC-006
UDQ-UI-MOD-001,UI State and Interaction Model,r1,WIP,ui_state_model,docs/archive/UDQ-UI-MOD-001__UI_State_and_Interaction_Model__r1__WIP.md,archive,UniversalDAQ,UDQ-GOV-STD-001 | UDQ-GOV-LOG-001 | UDQ-ARCH-NAR-001 | UDQ-ARCH-NAR-002 | UDQ-REQ-MAT-001 | UDQ-QUAL-DEF-001 | UDQ-UI-INV-001 | UDQ-UI-NAR-001 | UDQ-UI-ARCH-001
UDQ-UI-NAR-001,UI Controls Philosophy and HMI Doctrine,r2,WIP,ui_doctrine,docs/active/UDQ-UI-NAR-001__UI_Controls_Philosophy_and_HMI_Doctrine__r2__WIP.md,active,UniversalDAQ,UDQ-GOV-STD-001 | UDQ-GOV-LOG-001 | UDQ-ARCH-NAR-001 | UDQ-ARCH-NAR-002 | UDQ-REQ-MAT-001 | UDQ-QUAL-DEF-001 | UDQ-UI-INV-001 | UDQ-UI-ARCH-001 | UDQ-UI-SPEC-006
UDQ-UI-SPEC-000,UI Navigation and Shell Behavior Specification,r3,WIP,ui-detail-spec,docs/active/UDQ-UI-SPEC-000__UI_Navigation_and_Shell_Behavior_Specification__r3__WIP.md,active,UniversalDAQ,UDQ-UI-NAR-001 | UDQ-UI-ARCH-001 | UDQ-UI-MOD-001 | UDQ-PROF-SPEC-001
UDQ-UI-SPEC-000,UI Navigation and Shell Behavior Specification,r0,WIP,ui-detail-spec,docs/archive/UDQ-UI-SPEC-000__UI_Navigation_and_Shell_Behavior_Specification__r0__WIP.md,archive,UniversalDAQ,UDQ-UI-NAR-001 | UDQ-UI-ARCH-001 | UDQ-UI-MOD-001 | UDQ-PROF-SPEC-001
UDQ-UI-SPEC-001,Workspace and Page Specifications,r2,WIP,ui-detail-spec,docs/active/UDQ-UI-SPEC-001__Workspace_and_Page_Specifications__r2__WIP.md,active,UniversalDAQ,UDQ-UI-ARCH-001 | UDQ-UI-SPEC-000 | UDQ-UI-SPEC-006 | UDQ-DEV-SPEC-001 | UDQ-SIG-SPEC-001 | UDQ-OUT-SPEC-001 | UDQ-LOG-SPEC-001 | UDQ-SEQ-SPEC-001 | UDQ-DIAG-SPEC-001 | UDQ-HIS-SPEC-001
UDQ-UI-SPEC-002,Widget Status and Visual Language Specification,r2,WIP,ui-detail-spec,docs/active/UDQ-UI-SPEC-002__Widget_Status_and_Visual_Language_Specification__r2__WIP.md,active,UniversalDAQ,UDQ-UI-NAR-001 | UDQ-UI-MOD-001 | UDQ-EVT-SPEC-001 | UDQ-DIAG-SPEC-001 | UDQ-SEC-SPEC-001 | UDQ-UI-SPEC-006
UDQ-UI-SPEC-003,Control Authoring Visual and Structured Roundtrip Specification,r1,WIP,ui-detail-spec,docs/active/UDQ-UI-SPEC-003__Control_Authoring_Visual_and_Structured_Roundtrip_Specification__r1__WIP.md,active,UniversalDAQ,UDQ-LOG-SPEC-001 | UDQ-SIG-SPEC-001 | UDQ-OUT-SPEC-001 | UDQ-UI-SPEC-001 | UDQ-UI-SPEC-006
UDQ-UI-SPEC-004,Graphing History Review and Live Trace Specification,r4,WIP,ui-detail-spec,docs/active/UDQ-UI-SPEC-004__Graphing_History_Review_and_Live_Trace_Specification__r4__WIP.md,active,UniversalDAQ,UDQ-HIS-SPEC-001 | UDQ-EVT-SPEC-001 | UDQ-UI-SPEC-001 | UDQ-OUT-SPEC-001 | UDQ-GOV-GLO-001 | UDQ-GOV-STD-002 | UDQ-UI-MOD-001 | UDQ-SIG-SPEC-001 | UDQ-PERF-SPEC-001 | UDQ-PROF-SPEC-001
UDQ-UI-SPEC-004,Graphing History Review and Live Trace Specification,r0,WIP,ui-detail-spec,docs/archive/UDQ-UI-SPEC-004__Graphing_History_Review_and_Live_Trace_Specification__r0__WIP.md,archive,UniversalDAQ,UDQ-HIS-SPEC-001 | UDQ-EVT-SPEC-001 | UDQ-UI-SPEC-001 | UDQ-OUT-SPEC-001
UDQ-UI-SPEC-004,Graphing History Review and Live Trace Specification,r1,WIP,ui-detail-spec,docs/archive/UDQ-UI-SPEC-004__Graphing_History_Review_and_Live_Trace_Specification__r1__WIP.md,archive,UniversalDAQ,UDQ-HIS-SPEC-001 | UDQ-EVT-SPEC-001 | UDQ-UI-SPEC-001 | UDQ-OUT-SPEC-001 | UDQ-GOV-GLO-001 | UDQ-GOV-STD-002 | UDQ-UI-MOD-001
UDQ-UI-SPEC-005,Remote UI Surface Specification,r1,WIP,ui-detail-spec,docs/active/UDQ-UI-SPEC-005__Remote_UI_Surface_Specification__r1__WIP.md,active,UniversalDAQ,UDQ-REM-SPEC-001 | UDQ-SEC-SPEC-001 | UDQ-UI-SPEC-001 | UDQ-UI-SPEC-002 | UDQ-UI-SPEC-006
UDQ-UI-SPEC-006,Logic Designer Workspace and Control Authoring Model,r1,WIP,ui-detail-spec,docs/active/UDQ-UI-SPEC-006__Logic_Designer_Workspace_and_Control_Authoring_Model__r1__WIP.md,active,UniversalDAQ,UDQ-UI-NAR-001 | UDQ-UI-ARCH-001 | UDQ-UI-MOD-001 | UDQ-SIG-SPEC-001 | UDQ-LOG-SPEC-001 | UDQ-SEQ-SPEC-001 | UDQ-OUT-SPEC-001 | UDQ-LIFECYCLE-SPEC-001
UDQ-ROADMAP-SPEC-001,Completed Product Roadmap and Sprint Sequence,r0,ACTIVE,governance_sop,docs/active/UDQ-ROADMAP-SPEC-001__Completed_Product_Roadmap_and_Sprint_Sequence__r0__ACTIVE.md,active,UniversalDAQ,UDQ-IMP-PLAN-001 | UDQ-GAP-RPT-001 | UDQ-QUAL-DEF-001
UDQ-SPRINT-SOP-001,Sprint Planning Execution and Closeout Process,r0,ACTIVE,governance_sop,docs/active/UDQ-SPRINT-SOP-001__Sprint_Planning_Execution_and_Closeout_Process__r0__ACTIVE.md,active,UniversalDAQ,UDQ-GOV-SOP-001 | UDQ-PROOF-TPL-001 | UDQ-ROADMAP-SPEC-001
